1,Malu,Mariane Souza,malumarianesouza__malumarianesouza@yahoo.com.com.br
2,Bryan,Iago Francisco Lopes,bbryaniagofranciscolopes@engemanltda.com.br
3,Edson,Ian Thomas Farias,edsonianthomasfarias..edsonianthomasfarias@emerson.com
4,Elza,Juliana Nunes,eelzajuliananunes@campanati.com.br
5,Natália,Brenda Carvalho,nnataliabrendacarvalho@droganews.com.br
6,Valentina,Flávia Mirella Barros,valentinaflaviamirellabarros__valentinaflaviamirellabarros@hotmai.com
7,Oliver,Elias Nicolas Nascimento,olivereliasnicolasnascimento_@centerdiesel.com.br
8,Sarah,Clara Sophia Assunção,ssarahclarasophiaassuncao@agen-pegeuot.com.br
9,Marcos,Vinicius Elias Caleb Figueiredo,marcosviniciuseliascalebfigueiredo..marcosviniciuseliascalebfigueiredo@sent.com
10,Filipe,Otávio Ribeiro,filipeotavioribeiro..filipeotavioribeiro@dddrin.com.br